{
    "loss": [
        0.04271013644061721,
        0.004971545203003679,
        0.0012355970816770824,
        0.0010234838496044798,
        0.0004335286675096413,
        0.00014226880779939142,
        0.00028004339348094374,
        0.00016589386741612828,
        0.0002790807890135818,
        0.000254296480907316
    ],
    "val_loss": [
        0.014374600658704948,
        0.004845206412096272,
        0.0023872017047481355,
        0.0038753870761403736,
        0.00048680422275673116,
        2.7058286208792198e-05,
        6.044541708360608e-05,
        0.0004151128606262893,
        7.138643145044519e-05,
        0.0003174360060762202
    ]
}