{"ade": 0.08428728580474854, "fde": 0.059253204613924026}